t_emb (ms),Isemb (a.u.),Vp2p (V),f (kHz),q (slm),x_pos (mm),y_pos (mm),dsep (mm),T_emb (K),P_emb (W),Pset (W),duty (%),V_emb (kV),I_emb (mA)
1.649600000000000000e+04,5.100000000000000000e+01,9.899999999999999911e-01,2.000000000000000000e+01,0.000000000000000000e+00,0.000000000000000000e+00,0.000000000000000000e+00,4.000000000000000000e+00,1.037549999999999955e+03,0.000000000000000000e+00,0.000000000000000000e+00,1.600000000000000077e-03,0.000000000000000000e+00,1.419999999999999929e+00
1.814900000000000000e+04,5.200000000000000000e+01,5.490000000000000213e+00,2.000000000000000000e+01,0.000000000000000000e+00,0.000000000000000000e+00,0.000000000000000000e+00,4.000000000000000000e+00,1.037549999999999955e+03,1.560000000000000053e+00,1.500000000000000000e+00,1.000014999999999930e+02,1.100000000000000089e+00,1.419999999999999929e+00
1.868400000000000000e+04,5.000000000000000000e+01,5.580000000000000071e+00,2.000000000000000000e+01,3.669999999999999929e+00,0.000000000000000000e+00,0.000000000000000000e+00,4.000000000000000000e+00,1.037549999999999955e+03,1.590000000000000080e+00,1.500000000000000000e+00,1.000015999999999963e+02,1.120000000000000107e+00,1.419999999999999929e+00
1.917700000000000000e+04,6.400000000000000000e+01,1.000000000000000000e+01,2.000000000000000000e+01,3.359999999999999876e+00,0.000000000000000000e+00,0.000000000000000000e+00,4.000000000000000000e+00,1.037549999999999955e+03,2.629999999999999893e+00,4.080000000000000071e+00,1.000014999999999930e+02,1.679999999999999938e+00,1.570000000000000062e+00
1.969500000000000000e+04,6.600000000000000000e+01,1.000000000000000000e+01,2.000000000000000000e+01,3.720000000000000195e+00,0.000000000000000000e+00,0.000000000000000000e+00,4.000000000000000000e+00,1.037549999999999955e+03,2.629999999999999893e+00,4.110000000000000320e+00,1.000016999999999996e+02,1.689999999999999947e+00,1.550000000000000044e+00
2.018900000000000000e+04,6.500000000000000000e+01,1.000000000000000000e+01,2.000000000000000000e+01,3.700000000000000178e+00,0.000000000000000000e+00,0.000000000000000000e+00,4.000000000000000000e+00,1.037549999999999955e+03,2.629999999999999893e+00,3.950000000000000178e+00,1.000015999999999963e+02,1.689999999999999947e+00,1.550000000000000044e+00
2.068300000000000000e+04,6.600000000000000000e+01,1.000000000000000000e+01,2.000000000000000000e+01,3.359999999999999876e+00,0.000000000000000000e+00,0.000000000000000000e+00,4.000000000000000000e+00,1.037549999999999955e+03,2.649999999999999911e+00,3.839999999999999858e+00,1.000014999999999930e+02,1.689999999999999947e+00,1.570000000000000062e+00
2.117700000000000000e+04,6.600000000000000000e+01,1.000000000000000000e+01,2.000000000000000000e+01,3.410000000000000142e+00,0.000000000000000000e+00,0.000000000000000000e+00,4.000000000000000000e+00,1.037549999999999955e+03,2.640000000000000124e+00,4.269999999999999574e+00,1.000014999999999930e+02,1.679999999999999938e+00,1.570000000000000062e+00
2.169500000000000000e+04,6.600000000000000000e+01,1.000000000000000000e+01,2.000000000000000000e+01,3.430000000000000160e+00,0.000000000000000000e+00,0.000000000000000000e+00,4.000000000000000000e+00,1.037549999999999955e+03,2.629999999999999893e+00,4.169999999999999929e+00,1.000014999999999930e+02,1.699999999999999956e+00,1.550000000000000044e+00
2.219000000000000000e+04,6.000000000000000000e+01,1.000000000000000000e+01,2.000000000000000000e+01,3.490000000000000213e+00,0.000000000000000000e+00,0.000000000000000000e+00,4.000000000000000000e+00,1.037549999999999955e+03,2.669999999999999929e+00,4.099999999999999645e+00,1.000010000000000048e+02,1.709999999999999964e+00,1.560000000000000053e+00
2.268500000000000000e+04,6.700000000000000000e+01,1.000000000000000000e+01,2.000000000000000000e+01,3.640000000000000124e+00,0.000000000000000000e+00,0.000000000000000000e+00,4.000000000000000000e+00,1.037549999999999955e+03,2.689999999999999947e+00,3.890000000000000124e+00,1.000015999999999963e+02,1.719999999999999973e+00,1.560000000000000053e+00
2.318000000000000000e+04,6.800000000000000000e+01,1.000000000000000000e+01,2.000000000000000000e+01,3.620000000000000107e+00,0.000000000000000000e+00,0.000000000000000000e+00,4.000000000000000000e+00,1.037549999999999955e+03,2.649999999999999911e+00,3.890000000000000124e+00,1.000015999999999963e+02,1.689999999999999947e+00,1.570000000000000062e+00
2.369700000000000000e+04,6.700000000000000000e+01,1.000000000000000000e+01,2.000000000000000000e+01,3.609999999999999876e+00,0.000000000000000000e+00,0.000000000000000000e+00,4.000000000000000000e+00,1.037549999999999955e+03,2.680000000000000160e+00,3.890000000000000124e+00,1.000014999999999930e+02,1.689999999999999947e+00,1.590000000000000080e+00
2.419400000000000000e+04,6.700000000000000000e+01,1.000000000000000000e+01,2.000000000000000000e+01,3.620000000000000107e+00,0.000000000000000000e+00,0.000000000000000000e+00,4.000000000000000000e+00,1.037549999999999955e+03,2.649999999999999911e+00,3.879999999999999893e+00,1.000014999999999930e+02,1.689999999999999947e+00,1.560000000000000053e+00
2.468900000000000000e+04,6.700000000000000000e+01,1.000000000000000000e+01,2.000000000000000000e+01,3.649999999999999911e+00,0.000000000000000000e+00,0.000000000000000000e+00,4.000000000000000000e+00,1.037549999999999955e+03,2.629999999999999893e+00,3.839999999999999858e+00,1.000015999999999963e+02,1.689999999999999947e+00,1.550000000000000044e+00
2.518500000000000000e+04,6.700000000000000000e+01,1.000000000000000000e+01,2.000000000000000000e+01,3.640000000000000124e+00,0.000000000000000000e+00,0.000000000000000000e+00,4.000000000000000000e+00,1.037549999999999955e+03,2.640000000000000124e+00,3.839999999999999858e+00,1.000014999999999930e+02,1.679999999999999938e+00,1.570000000000000062e+00
2.568000000000000000e+04,6.700000000000000000e+01,1.000000000000000000e+01,2.000000000000000000e+01,3.640000000000000124e+00,0.000000000000000000e+00,0.000000000000000000e+00,4.000000000000000000e+00,1.037549999999999955e+03,2.629999999999999893e+00,3.830000000000000071e+00,1.000014999999999930e+02,1.699999999999999956e+00,1.550000000000000044e+00
2.620100000000000000e+04,6.600000000000000000e+01,1.000000000000000000e+01,2.000000000000000000e+01,3.629999999999999893e+00,0.000000000000000000e+00,0.000000000000000000e+00,4.000000000000000000e+00,1.037549999999999955e+03,2.649999999999999911e+00,3.799999999999999822e+00,1.000014999999999930e+02,1.689999999999999947e+00,1.570000000000000062e+00
2.669300000000000000e+04,6.600000000000000000e+01,1.000000000000000000e+01,2.000000000000000000e+01,3.640000000000000124e+00,0.000000000000000000e+00,0.000000000000000000e+00,4.000000000000000000e+00,1.037549999999999955e+03,2.660000000000000142e+00,3.799999999999999822e+00,1.000015999999999963e+02,1.689999999999999947e+00,1.570000000000000062e+00
2.718800000000000000e+04,6.700000000000000000e+01,1.000000000000000000e+01,2.000000000000000000e+01,3.640000000000000124e+00,0.000000000000000000e+00,0.000000000000000000e+00,4.000000000000000000e+00,1.037549999999999955e+03,2.629999999999999893e+00,3.790000000000000036e+00,1.000015999999999963e+02,1.699999999999999956e+00,1.550000000000000044e+00
2.768300000000000000e+04,6.700000000000000000e+01,1.000000000000000000e+01,2.000000000000000000e+01,3.370000000000000107e+00,0.000000000000000000e+00,0.000000000000000000e+00,4.000000000000000000e+00,1.037549999999999955e+03,2.640000000000000124e+00,3.919999999999999929e+00,1.000014999999999930e+02,1.689999999999999947e+00,1.560000000000000053e+00
2.817800000000000000e+04,6.700000000000000000e+01,1.000000000000000000e+01,2.000000000000000000e+01,3.370000000000000107e+00,0.000000000000000000e+00,0.000000000000000000e+00,4.000000000000000000e+00,1.037549999999999955e+03,2.629999999999999893e+00,3.910000000000000142e+00,1.000015999999999963e+02,1.699999999999999956e+00,1.550000000000000044e+00
2.869700000000000000e+04,6.600000000000000000e+01,1.000000000000000000e+01,2.000000000000000000e+01,3.450000000000000178e+00,0.000000000000000000e+00,0.000000000000000000e+00,4.000000000000000000e+00,1.037549999999999955e+03,2.629999999999999893e+00,4.339999999999999858e+00,1.000015999999999963e+02,1.699999999999999956e+00,1.550000000000000044e+00
2.919300000000000000e+04,6.600000000000000000e+01,1.000000000000000000e+01,2.000000000000000000e+01,3.459999999999999964e+00,0.000000000000000000e+00,0.000000000000000000e+00,4.000000000000000000e+00,1.037549999999999955e+03,2.629999999999999893e+00,4.330000000000000071e+00,1.000014999999999930e+02,1.699999999999999956e+00,1.550000000000000044e+00
2.968600000000000000e+04,6.600000000000000000e+01,1.000000000000000000e+01,2.000000000000000000e+01,3.450000000000000178e+00,0.000000000000000000e+00,0.000000000000000000e+00,4.000000000000000000e+00,1.037549999999999955e+03,2.660000000000000142e+00,4.339999999999999858e+00,1.000014999999999930e+02,1.689999999999999947e+00,1.570000000000000062e+00
3.018000000000000000e+04,6.700000000000000000e+01,1.000000000000000000e+01,2.000000000000000000e+01,3.450000000000000178e+00,0.000000000000000000e+00,0.000000000000000000e+00,4.000000000000000000e+00,1.037549999999999955e+03,2.669999999999999929e+00,4.349999999999999645e+00,1.000016999999999996e+02,1.699999999999999956e+00,1.570000000000000062e+00
2.347557321428571413e+03,2.342876249999999800e+03,2.375643750000000182e+03,2.340535714285714221e+03,2.310108749999999873e+03,2.368622142857142990e+03,2.272660178571428787e+03,2.335854642857143062e+03,2.385005892857142953e+03,2.408411250000000109e+03,2.387346428571428532e+03,2.401389642857142917e+03,2.317130357142857065e+03,2.246914285714285597e+03
2.331173571428571449e+03,2.321811428571428678e+03,2.312449285714285907e+03,2.352238392857143026e+03,2.401389642857142917e+03,2.394368035714285725e+03,2.370962678571428569e+03,2.401389642857142917e+03,2.296065535714285488e+03,2.331173571428571449e+03,2.417773392857142881e+03,2.366281607142856956e+03,2.420113928571428460e+03,2.471605714285714384e+03
2.511394821428571504e+03,2.506713749999999891e+03,2.518416428571428696e+03,2.471605714285714384e+03,2.485648928571428769e+03,2.530119107142857047e+03,2.544162321428571431e+03,2.413092321428571267e+03,2.569908214285714166e+03,2.560546071428571395e+03,2.569908214285714166e+03,2.583951428571428551e+03,2.534800178571428660e+03,2.654167500000000018e+03
2.616718928571428478e+03,2.696297142857142717e+03,2.621400000000000091e+03,2.684594464285714366e+03,2.621400000000000091e+03,2.736086249999999836e+03,2.775875357142856956e+03,2.771194285714285797e+03,2.792259107142856919e+03,2.876518392857142771e+03,2.862475178571428387e+03,2.885880535714285543e+03,2.991204642857142971e+03,2.792259107142856919e+03
2.890561607142857156e+03,2.972480357142856974e+03,2.925669642857142662e+03,2.960777678571428623e+03,2.860134642857142808e+03,2.923329107142857083e+03,3.087166607142857174e+03,3.033334285714285670e+03,3.129296249999999873e+03,3.173766428571428605e+03,3.089507142857142753e+03,3.197171785714285761e+03,3.152701607142857029e+03,3.185469107142856956e+03
3.169085357142856992e+03,3.251004107142857265e+03,3.293133749999999964e+03,3.222917678571428496e+03,3.346966071428571468e+03,3.398457857142856938e+03,3.379733571428571395e+03,3.302495892857142735e+03,3.370371428571428623e+03,3.534208928571428714e+03,3.503781964285714366e+03,3.482717142857142790e+03,3.510803571428571558e+03,3.520165714285714330e+03
3.705068035714285543e+03,3.616127678571428532e+03,3.674641071428571649e+03,3.639533035714285688e+03,3.763581428571428660e+03,3.740176071428571504e+03,3.726132857142857119e+03,3.723792321428571540e+03,3.770603035714285852e+03,3.920397321428571558e+03,3.913375714285714366e+03,3.845500178571428478e+03,3.852521785714285670e+03,3.901673035714285561e+03
3.990613392857143026e+03,3.904013571428571595e+03,3.878267678571428405e+03,3.964867499999999836e+03,4.030402500000000146e+03,4.102959107142856737e+03,3.999975535714285797e+03,4.021040357142856919e+03,4.102959107142856737e+03,4.091256428571428387e+03,4.252753392857142899e+03,4.042105178571428496e+03,4.077213214285714457e+03,4.224666964285714130e+03
4.229348035714285288e+03,4.198921071428571850e+03,4.163813035714285434e+03,4.257434464285714057e+03,4.283180357142857247e+03,4.156791428571428696e+03,4.304245178571428369e+03,4.269137142857142862e+03,4.631920178571428551e+03,4.318288392857142753e+03,4.257434464285714057e+03,4.248072321428571740e+03,4.264456071428571704e+03,4.187218392857143044e+03
4.276158749999999600e+03,4.177856249999999818e+03,4.329991071428571558e+03,4.271477678571428442e+03,4.334672142857142717e+03,4.215304821428571813e+03,4.416590892857142535e+03,4.332331607142857138e+03,4.351055892857142680e+03,4.241050714285714093e+03,4.241050714285714093e+03,4.315947857142857174e+03,4.215304821428571813e+03,4.332331607142857138e+03
4.344034285714285943e+03,4.294883035714286052e+03,4.287861428571428405e+03,4.250412857142857320e+03,4.332331607142857138e+03,4.374461250000000291e+03,4.367439642857142644e+03,4.400207142857142571e+03,4.337012678571428296e+03,4.325310000000000400e+03,4.395526071428571413e+03,4.210623749999999745e+03,4.425953035714285761e+03,4.362758571428571486e+03
4.411909821428571377e+03,4.381482857142857029e+03,4.414250357142856956e+03,4.372120714285714712e+03,4.315947857142857174e+03,4.484466428571428878e+03,4.451698928571428951e+03,4.432974642857142499e+03,4.402547678571428150e+03,4.390845000000000255e+03,4.362758571428571486e+03,4.269137142857142862e+03,4.500850178571428842e+03,4.451698928571428951e+03
4.477444821428571231e+03,4.540639285714285506e+03,4.456380000000000109e+03,4.622558035714285325e+03,4.472763750000000073e+03,4.617876964285714166e+03,4.575747321428571013e+03,4.571066249999999854e+03,4.629579642857142971e+03,4.479785357142856810e+03,4.784055000000000291e+03,4.744265892857142717e+03,4.872995357142856847e+03,4.718520000000000437e+03
4.917465535714285579e+03,4.917465535714285579e+03,4.938530357142856701e+03,5.015768035714285361e+03,5.060238214285714093e+03,5.097686785714286088e+03,5.022789642857143008e+03,4.964276249999999891e+03,5.046194999999999709e+03,5.146838035714285979e+03,5.107048928571428405e+03,4.784055000000000291e+03,5.039173392857142971e+03,4.912784464285714421e+03
4.777033392857142644e+03,4.894060178571428878e+03,4.903422321428571195e+03,4.954914107142857574e+03,4.929168214285714384e+03,4.990022142857143081e+03,4.980659999999999854e+03,5.132794821428571595e+03,5.123432678571428369e+03,5.074281428571428478e+03,5.041513928571428551e+03,4.912784464285714421e+03,5.118751607142857210e+03,5.132794821428571595e+03
5.074281428571428478e+03,5.006405892857143044e+03,5.167902857142857101e+03,5.188967678571428223e+03,5.179605535714285907e+03,5.034492321428571813e+03,5.207691964285714675e+03,5.191308214285714712e+03,5.146838035714285979e+03,5.327059285714285579e+03,5.109389464285713984e+03,5.207691964285714675e+03,5.135135357142857174e+03,5.217054107142856992e+03
5.179605535714285907e+03,5.275567500000000109e+03,5.158540714285713875e+03,5.268545892857142462e+03,5.252162142857142499e+03,5.188967678571428223e+03,5.212373035714285834e+03,5.093005714285714021e+03,5.172583928571428260e+03,5.287270178571428914e+03,5.235778392857142535e+03,5.289610714285714494e+03,5.181946071428571486e+03,5.249821607142856919e+03
5.195989285714285870e+03,5.198329821428571449e+03,5.345783571428571122e+03,5.172583928571428260e+03,5.231097321428571377e+03,5.174924464285713839e+03,5.289610714285714494e+03,5.331740357142856737e+03,5.240459464285714603e+03,5.219394642857142571e+03,5.310675535714285616e+03,5.165562321428571522e+03,5.125773214285713948e+03,5.093005714285714021e+03
5.130454285714286016e+03,5.104708392857142826e+03,5.144497500000000400e+03,5.114070535714286052e+03,5.090665178571428442e+03,5.247481071428571340e+03,5.111729999999999563e+03,4.905762857142856774e+03,4.975978928571428696e+03,5.158540714285713875e+03,4.957254642857143153e+03,4.999384285714285397e+03,5.006405892857143044e+03,5.034492321428571813e+03
5.249821607142856919e+03,5.008746428571428623e+03,5.018108571428571850e+03,4.990022142857143081e+03,4.912784464285714421e+03,5.130454285714286016e+03,5.046194999999999709e+03,5.018108571428571850e+03,5.076621964285714057e+03,4.961935714285714312e+03,4.924487142857143226e+03,5.029811249999999745e+03,5.076621964285714057e+03,4.856611607142856883e+03
4.872995357142856847e+03,4.985341071428571013e+03,5.111729999999999563e+03,4.884698035714285652e+03,5.050876071428571777e+03,4.891719642857143299e+03,4.968957321428571049e+03,5.076621964285714057e+03,4.959595178571428733e+03,4.924487142857143226e+03,4.791076607142857029e+03,5.025130178571428587e+03,5.083643571428571704e+03,5.097686785714286088e+03
4.945551964285714348e+03,5.095346249999999600e+03,5.071940892857142899e+03,5.032151785714285325e+03,5.008746428571428623e+03,4.992362678571428660e+03,4.947892499999999927e+03,4.950233035714285506e+03,5.001724821428570976e+03,4.940870892857143190e+03,5.069600357142857320e+03,5.067259821428571740e+03,5.036832857142857392e+03,5.006405892857143044e+03
5.067259821428571740e+03,5.085984107142857283e+03,5.071940892857142899e+03,5.050876071428571777e+03,5.174924464285713839e+03,5.109389464285713984e+03,5.118751607142857210e+03,5.020449107142857429e+03,5.118751607142857210e+03,5.139816428571428332e+03,5.090665178571428442e+03,5.083643571428571704e+03,5.074281428571428478e+03,5.039173392857142971e+03
5.179605535714285907e+03,5.163221785714285943e+03,5.167902857142857101e+03,5.055557142857142935e+03,5.205351428571428187e+03,5.200670357142857029e+03,5.240459464285714603e+03,5.128113750000000437e+03,5.228756785714285797e+03,5.067259821428571740e+03,5.275567500000000109e+03,5.270886428571428951e+03,5.177265000000000327e+03,5.153859642857142717e+03
5.165562321428571522e+03,5.198329821428571449e+03,5.219394642857142571e+03,5.046194999999999709e+03,5.174924464285713839e+03,5.252162142857142499e+03,5.238118928571429024e+03,5.331740357142856737e+03,5.280248571428571267e+03,5.355145714285714348e+03,5.177265000000000327e+03,5.165562321428571522e+03,5.151519107142857138e+03,5.231097321428571377e+03
5.177265000000000327e+03,5.296632321428571231e+03,5.200670357142857029e+03,5.181946071428571486e+03,5.174924464285713839e+03,5.064919285714286161e+03,5.130454285714286016e+03,5.057897678571428514e+03,4.992362678571428660e+03,5.088324642857142862e+03,5.055557142857142935e+03,5.039173392857142971e+03,5.100027321428571668e+03,5.074281428571428478e+03
5.006405892857143044e+03,4.971297857142857538e+03,4.947892499999999927e+03,4.861292678571428951e+03,4.980659999999999854e+03,5.001724821428570976e+03,5.100027321428571668e+03,5.015768035714285361e+03,5.015768035714285361e+03,5.102367857142857247e+03,5.107048928571428405e+03,5.256843214285714566e+03,5.008746428571428623e+03,4.997043749999999818e+03
4.884698035714285652e+03,4.788736071428571449e+03,4.755968571428571522e+03,4.753628035714285943e+03,4.793417142857142608e+03,4.688093035714286088e+03,4.662347142857142899e+03,4.524255535714285543e+03,4.491488035714285616e+03,4.636601249999999709e+03,4.526596071428571122e+03,4.489147500000000036e+03,4.437655714285714566e+03,4.425953035714285761e+03
4.409569285714285797e+03,4.418931428571429024e+03,4.337012678571428296e+03,4.173175178571428660e+03,4.318288392857142753e+03,4.227007499999999709e+03,4.297223571428571631e+03,4.245731785714286161e+03,4.166153571428571013e+03,4.102959107142856737e+03,4.138067142857143153e+03,4.053807857142857301e+03,4.021040357142856919e+03,3.976570178571428642e+03
4.025721428571428532e+03,3.992953928571428605e+03,4.018699821428571340e+03,4.025721428571428532e+03,3.964867499999999836e+03,3.805711071428571358e+03,3.868905535714285634e+03,3.808051607142856938e+03,3.861883928571428442e+03,3.730813928571428733e+03,3.770603035714285852e+03,3.733154464285714312e+03,3.686343750000000000e+03,3.679322142857142808e+03
3.693365357142857192e+03,3.557614285714285870e+03,3.581019642857143026e+03,3.613787142857142953e+03,3.609106071428571340e+03,3.456971250000000055e+03,3.569316964285714221e+03,3.602084464285714148e+03,3.445268571428571249e+03,3.513144107142857138e+03,3.578679107142856992e+03,3.471014464285714439e+03,3.398457857142856938e+03,3.426544285714285706e+03
3.382074107142856974e+03,3.382074107142856974e+03,3.391436250000000200e+03,3.424203750000000127e+03,3.344625535714285888e+03,3.391436250000000200e+03,3.274409464285714421e+03,3.349306607142857047e+03,3.276750000000000000e+03,3.225258214285714075e+03,3.243982500000000073e+03,3.185469107142856956e+03,3.129296249999999873e+03,3.166744821428571413e+03
3.258025714285714457e+03,3.082485535714285561e+03,3.183128571428571377e+03,3.176106964285714184e+03,3.087166607142857174e+03,3.026312678571428478e+03,3.063761250000000018e+03,3.105890892857142717e+03,3.009928928571428514e+03,3.133977321428571486e+03,3.033334285714285670e+03,3.007588392857142935e+03,2.935031785714285888e+03,2.925669642857142662e+03
3.042696428571428442e+03,2.958437142857143044e+03,2.970139821428571395e+03,2.883539999999999964e+03,2.986523571428571358e+03,2.857794107142857229e+03,2.803961785714285725e+03,2.909285892857142699e+03,2.860134642857142808e+03,2.890561607142857156e+03,2.794599642857142953e+03,2.843750892857142844e+03,2.843750892857142844e+03,2.729064642857142644e+03
2.796940178571428532e+03,2.710340357142857101e+03,2.876518392857142771e+03,2.719702499999999873e+03,2.766513214285714184e+03,2.806302321428571304e+03,2.712680892857142680e+03,2.752469999999999800e+03,2.733745714285714257e+03,2.841410357142857265e+03,2.691616071428571558e+03,2.651826964285714439e+03,2.675232321428571595e+03,2.750129464285714221e+03
2.614378392857142899e+03,2.661189107142857210e+03,2.654167500000000018e+03,2.555864999999999782e+03,2.548843392857143044e+03,2.579270357142856938e+03,2.691616071428571558e+03,2.534800178571428660e+03,2.558205535714285816e+03,2.583951428571428551e+03,2.590973035714285743e+03,2.548843392857143044e+03,2.560546071428571395e+03,2.459903035714285579e+03
2.541821785714285852e+03,2.530119107142857047e+03,2.457562500000000000e+03,2.445859821428571649e+03,2.572248750000000200e+03,2.471605714285714384e+03,2.478627321428571577e+03,2.506713749999999891e+03,2.387346428571428532e+03,2.382665357142856919e+03,2.401389642857142917e+03,2.448200357142857229e+03,2.370962678571428569e+03,2.480967857142857156e+03
2.387346428571428532e+03,2.387346428571428532e+03,2.270319642857142753e+03,2.349897857142856992e+03,2.267979107142857174e+03,2.314789821428571486e+03,2.303087142857142680e+03,2.267979107142857174e+03,2.317130357142857065e+03,2.265638571428571595e+03,2.221168392857142862e+03,2.209465714285714512e+03,2.232871071428571213e+03,2.265638571428571595e+03
2.197763035714285706e+03,2.193081964285714093e+03,2.218827857142857283e+03,2.157973928571428587e+03,2.230530535714285634e+03,2.118184821428571468e+03,2.122865892857143081e+03,2.101801071428571504e+03,2.160314464285714166e+03,2.101801071428571504e+03,2.099460535714285925e+03,2.050309285714285579e+03,2.132228035714285852e+03,2.120525357142857047e+03
2.033925535714285616e+03,2.019882321428571458e+03,2.062011964285714384e+03,2.022222857142857038e+03,2.087757857142857119e+03,2.073714642857142735e+03,2.029244464285714230e+03,2.045628214285714193e+03,2.012860714285714266e+03,1.926260892857142835e+03,2.001158035714285688e+03,1.975412142857142953e+03,1.944985178571428605e+03,1.898174464285714294e+03
1.870088035714285752e+03,1.930941964285714221e+03,1.935623035714285606e+03,1.888812321428571522e+03,1.947325714285714184e+03,1.844342142857142790e+03,1.947325714285714184e+03,1.844342142857142790e+03,1.914558214285714257e+03,1.851363749999999982e+03,1.820936785714285634e+03,1.795190892857142899e+03,1.865406964285714366e+03,1.788169285714285706e+03
1.834980000000000018e+03,1.863066428571428560e+03,1.844342142857142790e+03,1.877109642857142944e+03,1.736677500000000009e+03,1.895833928571428487e+03,1.844342142857142790e+03,1.790509821428571513e+03,1.844342142857142790e+03,1.816255714285714248e+03,1.713272142857142853e+03,1.760082857142857165e+03,1.837320535714285825e+03,1.806893571428571477e+03
1.755401785714285779e+03,1.729655892857142817e+03,1.701569464285714275e+03,1.781147678571428514e+03,1.734336964285714203e+03,1.736677500000000009e+03,1.701569464285714275e+03,1.661780357142857156e+03,1.729655892857142817e+03,1.652418214285714384e+03,1.678164107142857119e+03,1.661780357142857156e+03,1.631353392857142808e+03,1.664120892857142962e+03
1.661780357142857156e+03,1.694547857142857083e+03,1.631353392857142808e+03,1.685185714285714312e+03,1.657099285714285770e+03,1.680504642857142926e+03,1.652418214285714384e+03,1.650077678571428578e+03,1.570499464285714339e+03,1.694547857142857083e+03,1.589223750000000109e+03,1.654758749999999964e+03,1.654758749999999964e+03,1.629012857142857229e+03
1.617310178571428651e+03,1.600926428571428460e+03,1.584542678571428496e+03,1.568158928571428532e+03,1.523688750000000027e+03,1.617310178571428651e+03,1.535391428571428605e+03,1.568158928571428532e+03,1.629012857142857229e+03,1.593904821428571495e+03,1.540072499999999991e+03,1.584542678571428496e+03,1.598585892857142881e+03,1.572839999999999918e+03
1.563477857142857147e+03,1.561137321428571340e+03,1.537731964285714184e+03,1.514326607142857256e+03,1.586883214285714303e+03,1.526029285714285606e+03,1.568158928571428532e+03,1.497942857142857065e+03,1.535391428571428605e+03,1.528369821428571413e+03,1.530710357142857220e+03,1.631353392857142808e+03,1.511986071428571449e+03,1.537731964285714184e+03
1.570499464285714339e+03,1.511986071428571449e+03,1.502623928571428678e+03,1.472196964285714330e+03,1.507305000000000064e+03,1.514326607142857256e+03,1.469856428571428523e+03,1.427726785714285825e+03,1.502623928571428678e+03,1.495602321428571486e+03,1.523688750000000027e+03,1.551775178571428569e+03,1.561137321428571340e+03,1.561137321428571340e+03
1.554115714285714375e+03,1.540072499999999991e+03,1.551775178571428569e+03,1.544753571428571377e+03,1.493261785714285679e+03,1.497942857142857065e+03,1.458153749999999945e+03,1.488580714285714294e+03,1.495602321428571486e+03,1.507305000000000064e+03,1.511986071428571449e+03,1.509645535714285643e+03,1.488580714285714294e+03,1.481559107142857101e+03
1.509645535714285643e+03,1.430067321428571404e+03,1.406661964285714248e+03,1.427726785714285825e+03,1.521348214285714221e+03,1.521348214285714221e+03,1.453472678571428560e+03,1.446451071428571368e+03,1.481559107142857101e+03,1.383256607142857092e+03,1.451132142857142753e+03,1.493261785714285679e+03,1.430067321428571404e+03,1.460494285714285752e+03
1.411343035714285634e+03,1.446451071428571368e+03,1.418364642857142826e+03,1.488580714285714294e+03,1.434748392857142790e+03,1.397299821428571477e+03,1.446451071428571368e+03,1.416024107142857247e+03,1.409002500000000055e+03,1.474537499999999909e+03,1.411343035714285634e+03,1.423045714285714212e+03,1.394959285714285670e+03,1.439429464285714175e+03
1.476878035714285716e+03,1.385597142857142899e+03,1.465175357142857138e+03,1.526029285714285606e+03,1.476878035714285716e+03,1.460494285714285752e+03,1.486240178571428487e+03,1.406661964285714248e+03,1.441769999999999982e+03,1.406661964285714248e+03,1.483899642857142908e+03,1.439429464285714175e+03,1.446451071428571368e+03,1.446451071428571368e+03
1.467515892857142944e+03,1.399640357142857056e+03,1.448791607142857174e+03,1.483899642857142908e+03,1.427726785714285825e+03,1.362191785714285743e+03,1.432407857142857210e+03,1.439429464285714175e+03,1.401980892857142862e+03,1.432407857142857210e+03,1.404321428571428669e+03,1.441769999999999982e+03,1.350489107142857165e+03,1.434748392857142790e+03
1.394959285714285670e+03,1.467515892857142944e+03,1.462834821428571331e+03,1.409002500000000055e+03,1.446451071428571368e+03,1.416024107142857247e+03,1.350489107142857165e+03,1.376234999999999900e+03,1.387937678571428478e+03,1.385597142857142899e+03,1.378575535714285706e+03,1.394959285714285670e+03,1.366872857142857129e+03,1.352829642857142744e+03
1.359851249999999936e+03,1.406661964285714248e+03,1.418364642857142826e+03,1.366872857142857129e+03,1.345808035714285779e+03,1.420705178571428632e+03,1.409002500000000055e+03,1.413683571428571440e+03,1.397299821428571477e+03,1.362191785714285743e+03,1.345808035714285779e+03,1.432407857142857210e+03,1.406661964285714248e+03,1.462834821428571331e+03
1.467515892857142944e+03,1.409002500000000055e+03,1.362191785714285743e+03,1.364532321428571322e+03,1.439429464285714175e+03,1.364532321428571322e+03,1.350489107142857165e+03,1.383256607142857092e+03,1.371553928571428514e+03,1.364532321428571322e+03,1.378575535714285706e+03,1.359851249999999936e+03,1.444110535714285788e+03,1.376234999999999900e+03
1.420705178571428632e+03,1.401980892857142862e+03,1.366872857142857129e+03,1.397299821428571477e+03,1.406661964285714248e+03,1.423045714285714212e+03,1.362191785714285743e+03,1.413683571428571440e+03,1.390278214285714284e+03,1.394959285714285670e+03,1.423045714285714212e+03,1.416024107142857247e+03,1.385597142857142899e+03,1.338786428571428587e+03
1.406661964285714248e+03,1.376234999999999900e+03,1.380916071428571513e+03,1.376234999999999900e+03,1.329424285714285816e+03,1.420705178571428632e+03,1.369213392857142935e+03,1.420705178571428632e+03,1.371553928571428514e+03,1.399640357142857056e+03,1.336445892857142780e+03,1.399640357142857056e+03,1.392618750000000091e+03,1.390278214285714284e+03
1.401980892857142862e+03,1.399640357142857056e+03,1.364532321428571322e+03,1.366872857142857129e+03,1.385597142857142899e+03,1.313040535714285625e+03,1.364532321428571322e+03,1.437088928571428596e+03,1.352829642857142744e+03,1.359851249999999936e+03,1.416024107142857247e+03,1.366872857142857129e+03,1.378575535714285706e+03,1.359851249999999936e+03
1.359851249999999936e+03,1.423045714285714212e+03,1.380916071428571513e+03,1.287294642857142890e+03,1.418364642857142826e+03,1.341126964285714394e+03,1.310700000000000045e+03,1.385597142857142899e+03,1.345808035714285779e+03,1.387937678571428478e+03,1.378575535714285706e+03,1.387937678571428478e+03,1.334105357142857201e+03,1.376234999999999900e+03
1.338786428571428587e+03,1.366872857142857129e+03,1.401980892857142862e+03,1.390278214285714284e+03,1.369213392857142935e+03,1.350489107142857165e+03,1.397299821428571477e+03,1.404321428571428669e+03,1.327083750000000009e+03,1.364532321428571322e+03,1.343467499999999973e+03,1.343467499999999973e+03,1.343467499999999973e+03,1.345808035714285779e+03
1.385597142857142899e+03,1.345808035714285779e+03,1.291975714285714275e+03,1.387937678571428478e+03,1.399640357142857056e+03,1.378575535714285706e+03,1.362191785714285743e+03,1.371553928571428514e+03,1.404321428571428669e+03,1.355170178571428551e+03,1.394959285714285670e+03,1.378575535714285706e+03,1.369213392857142935e+03,1.359851249999999936e+03
1.406661964285714248e+03,1.348148571428571358e+03,1.348148571428571358e+03,1.345808035714285779e+03,1.329424285714285816e+03,1.404321428571428669e+03,1.306018928571428660e+03,1.364532321428571322e+03,1.341126964285714394e+03,1.383256607142857092e+03,1.352829642857142744e+03,1.383256607142857092e+03,1.320062142857142817e+03,1.359851249999999936e+03
1.376234999999999900e+03,1.387937678571428478e+03,1.341126964285714394e+03,1.397299821428571477e+03,1.369213392857142935e+03,1.334105357142857201e+03,1.327083750000000009e+03,1.373894464285714321e+03,1.378575535714285706e+03,1.397299821428571477e+03,1.460494285714285752e+03,1.362191785714285743e+03,1.359851249999999936e+03,1.261548749999999927e+03
1.423045714285714212e+03,1.336445892857142780e+03,1.378575535714285706e+03,1.334105357142857201e+03,1.322402678571428623e+03,1.401980892857142862e+03,1.338786428571428587e+03,1.341126964285714394e+03,1.357510714285714357e+03,1.322402678571428623e+03,1.441769999999999982e+03,1.399640357142857056e+03,1.327083750000000009e+03,1.404321428571428669e+03
1.376234999999999900e+03,1.348148571428571358e+03,1.406661964285714248e+03,1.296656785714285661e+03,1.383256607142857092e+03,1.394959285714285670e+03,1.268570357142857119e+03,1.331764821428571395e+03,1.392618750000000091e+03,1.359851249999999936e+03,1.338786428571428587e+03,1.404321428571428669e+03,1.341126964285714394e+03,1.364532321428571322e+03
1.397299821428571477e+03,1.397299821428571477e+03,1.380916071428571513e+03,1.383256607142857092e+03,1.355170178571428551e+03,1.362191785714285743e+03,1.373894464285714321e+03,1.409002500000000055e+03,1.366872857142857129e+03,1.313040535714285625e+03,1.390278214285714284e+03,1.352829642857142744e+03,1.343467499999999973e+03,1.348148571428571358e+03
1.338786428571428587e+03,1.383256607142857092e+03,1.397299821428571477e+03,1.352829642857142744e+03,1.327083750000000009e+03,1.404321428571428669e+03,1.385597142857142899e+03,1.392618750000000091e+03,1.427726785714285825e+03,1.376234999999999900e+03,1.373894464285714321e+03,1.390278214285714284e+03,1.376234999999999900e+03,1.369213392857142935e+03
1.317721607142857238e+03,1.343467499999999973e+03,1.359851249999999936e+03,1.378575535714285706e+03,1.362191785714285743e+03,1.380916071428571513e+03,1.350489107142857165e+03,1.350489107142857165e+03,1.296656785714285661e+03,1.350489107142857165e+03,1.380916071428571513e+03,1.409002500000000055e+03,1.416024107142857247e+03,1.338786428571428587e+03
1.376234999999999900e+03,1.284954107142857083e+03,1.362191785714285743e+03,1.308359464285714239e+03,1.366872857142857129e+03,1.348148571428571358e+03,1.334105357142857201e+03,1.343467499999999973e+03,1.359851249999999936e+03,1.378575535714285706e+03,1.359851249999999936e+03,1.277932499999999891e+03,1.296656785714285661e+03,1.289635178571428469e+03
1.378575535714285706e+03,1.362191785714285743e+03,1.350489107142857165e+03,1.355170178571428551e+03,1.329424285714285816e+03,1.310700000000000045e+03,1.294316250000000082e+03,1.320062142857142817e+03,1.350489107142857165e+03,1.315381071428571431e+03,1.425386250000000018e+03,1.352829642857142744e+03,1.369213392857142935e+03,1.306018928571428660e+03
1.341126964285714394e+03,1.366872857142857129e+03,1.385597142857142899e+03,1.369213392857142935e+03,1.327083750000000009e+03,1.298997321428571468e+03,1.310700000000000045e+03,1.322402678571428623e+03,1.406661964285714248e+03,1.329424285714285816e+03,1.362191785714285743e+03,1.322402678571428623e+03,1.397299821428571477e+03,1.352829642857142744e+03
1.364532321428571322e+03,1.329424285714285816e+03,1.348148571428571358e+03,1.366872857142857129e+03,1.373894464285714321e+03,1.390278214285714284e+03,1.423045714285714212e+03,1.345808035714285779e+03,1.273251428571428505e+03,1.263889285714285734e+03,1.291975714285714275e+03,1.294316250000000082e+03,1.310700000000000045e+03,1.362191785714285743e+03
1.350489107142857165e+03,1.373894464285714321e+03,1.317721607142857238e+03,1.310700000000000045e+03,1.397299821428571477e+03,1.474537499999999909e+03,1.366872857142857129e+03,1.385597142857142899e+03,1.357510714285714357e+03,1.352829642857142744e+03,1.343467499999999973e+03,1.294316250000000082e+03,1.310700000000000045e+03,1.357510714285714357e+03
1.355170178571428551e+03,1.331764821428571395e+03,1.301337857142857047e+03,1.378575535714285706e+03,1.322402678571428623e+03,1.406661964285714248e+03,1.320062142857142817e+03,1.343467499999999973e+03,1.387937678571428478e+03,1.313040535714285625e+03,1.385597142857142899e+03,1.371553928571428514e+03,1.406661964285714248e+03,1.348148571428571358e+03
1.331764821428571395e+03,1.352829642857142744e+03,1.352829642857142744e+03,1.369213392857142935e+03,1.399640357142857056e+03,1.369213392857142935e+03,1.376234999999999900e+03,1.317721607142857238e+03,1.352829642857142744e+03,1.444110535714285788e+03,1.383256607142857092e+03,1.310700000000000045e+03,1.357510714285714357e+03,1.376234999999999900e+03
1.348148571428571358e+03,1.357510714285714357e+03,1.366872857142857129e+03,1.359851249999999936e+03,1.331764821428571395e+03,1.308359464285714239e+03,1.341126964285714394e+03,1.338786428571428587e+03,1.355170178571428551e+03,1.383256607142857092e+03,1.355170178571428551e+03,1.359851249999999936e+03,1.343467499999999973e+03,1.387937678571428478e+03
1.336445892857142780e+03,1.359851249999999936e+03,1.390278214285714284e+03,1.334105357142857201e+03,1.317721607142857238e+03,1.320062142857142817e+03,1.373894464285714321e+03,1.373894464285714321e+03,1.371553928571428514e+03,1.359851249999999936e+03,1.343467499999999973e+03,1.334105357142857201e+03,1.357510714285714357e+03,1.324743214285714203e+03
1.336445892857142780e+03,1.322402678571428623e+03,1.308359464285714239e+03,1.296656785714285661e+03,1.373894464285714321e+03,1.364532321428571322e+03,1.366872857142857129e+03,1.359851249999999936e+03,1.373894464285714321e+03,1.378575535714285706e+03,1.409002500000000055e+03,1.242824464285714384e+03,1.322402678571428623e+03,1.334105357142857201e+03
1.294316250000000082e+03,1.284954107142857083e+03,1.362191785714285743e+03,1.352829642857142744e+03,1.298997321428571468e+03,1.385597142857142899e+03,1.359851249999999936e+03,1.348148571428571358e+03,1.357510714285714357e+03,1.320062142857142817e+03,1.357510714285714357e+03,1.413683571428571440e+03,1.320062142857142817e+03,1.355170178571428551e+03
1.320062142857142817e+03,1.380916071428571513e+03,1.301337857142857047e+03,1.364532321428571322e+03,1.376234999999999900e+03,1.331764821428571395e+03,1.371553928571428514e+03,1.266229821428571540e+03,1.401980892857142862e+03,1.310700000000000045e+03,1.331764821428571395e+03,1.392618750000000091e+03,1.315381071428571431e+03,1.324743214285714203e+03
1.355170178571428551e+03,1.376234999999999900e+03,1.385597142857142899e+03,1.366872857142857129e+03,1.357510714285714357e+03,1.378575535714285706e+03,1.336445892857142780e+03,1.334105357142857201e+03,1.357510714285714357e+03,1.387937678571428478e+03,1.334105357142857201e+03,1.266229821428571540e+03,1.369213392857142935e+03,1.348148571428571358e+03
1.336445892857142780e+03,1.338786428571428587e+03,1.378575535714285706e+03,1.320062142857142817e+03,1.350489107142857165e+03,1.366872857142857129e+03,1.303678392857142853e+03,1.404321428571428669e+03,1.404321428571428669e+03,1.383256607142857092e+03,1.385597142857142899e+03,1.371553928571428514e+03,1.352829642857142744e+03,1.378575535714285706e+03
1.364532321428571322e+03,1.380916071428571513e+03,1.336445892857142780e+03,1.350489107142857165e+03,1.383256607142857092e+03,1.313040535714285625e+03,1.345808035714285779e+03,1.331764821428571395e+03,1.378575535714285706e+03,1.345808035714285779e+03,1.298997321428571468e+03,1.277932499999999891e+03,1.380916071428571513e+03,1.315381071428571431e+03
1.362191785714285743e+03,1.352829642857142744e+03,1.362191785714285743e+03,1.399640357142857056e+03,1.352829642857142744e+03,1.380916071428571513e+03,1.362191785714285743e+03,1.355170178571428551e+03,1.298997321428571468e+03,1.287294642857142890e+03,1.387937678571428478e+03,1.392618750000000091e+03,1.359851249999999936e+03,1.355170178571428551e+03
1.334105357142857201e+03,1.387937678571428478e+03,1.315381071428571431e+03,1.364532321428571322e+03,1.317721607142857238e+03,1.345808035714285779e+03,1.308359464285714239e+03,1.385597142857142899e+03,1.385597142857142899e+03,1.350489107142857165e+03,1.296656785714285661e+03,1.310700000000000045e+03,1.355170178571428551e+03,1.324743214285714203e+03
1.355170178571428551e+03,1.310700000000000045e+03,1.331764821428571395e+03,1.345808035714285779e+03,1.357510714285714357e+03,1.336445892857142780e+03,1.366872857142857129e+03,1.310700000000000045e+03,1.364532321428571322e+03,1.362191785714285743e+03,1.343467499999999973e+03,1.371553928571428514e+03,1.301337857142857047e+03,1.306018928571428660e+03
1.331764821428571395e+03,1.313040535714285625e+03,1.366872857142857129e+03,1.289635178571428469e+03,1.376234999999999900e+03,1.369213392857142935e+03,1.334105357142857201e+03,1.327083750000000009e+03,1.334105357142857201e+03,1.371553928571428514e+03,1.350489107142857165e+03,1.317721607142857238e+03,1.364532321428571322e+03,1.394959285714285670e+03
1.359851249999999936e+03,1.373894464285714321e+03,1.380916071428571513e+03,1.317721607142857238e+03,1.313040535714285625e+03,1.308359464285714239e+03,1.371553928571428514e+03,1.329424285714285816e+03,1.324743214285714203e+03,1.310700000000000045e+03,1.392618750000000091e+03,1.327083750000000009e+03,1.404321428571428669e+03,1.320062142857142817e+03
1.568158928571428532e+03,1.298997321428571468e+03,1.369213392857142935e+03,1.350489107142857165e+03,1.364532321428571322e+03,1.350489107142857165e+03,1.322402678571428623e+03,1.308359464285714239e+03,1.409002500000000055e+03,1.399640357142857056e+03,1.348148571428571358e+03,1.411343035714285634e+03,1.348148571428571358e+03,1.306018928571428660e+03
1.366872857142857129e+03,1.289635178571428469e+03,1.338786428571428587e+03,1.409002500000000055e+03,1.313040535714285625e+03,1.348148571428571358e+03,1.280273035714285697e+03,1.348148571428571358e+03,1.296656785714285661e+03,1.303678392857142853e+03,1.310700000000000045e+03,1.380916071428571513e+03,1.413683571428571440e+03,1.371553928571428514e+03
1.385597142857142899e+03,1.371553928571428514e+03,1.366872857142857129e+03,1.376234999999999900e+03,1.338786428571428587e+03,1.350489107142857165e+03,1.352829642857142744e+03,1.334105357142857201e+03,1.399640357142857056e+03,1.322402678571428623e+03,1.310700000000000045e+03,1.322402678571428623e+03,1.390278214285714284e+03,1.317721607142857238e+03
1.387937678571428478e+03,1.341126964285714394e+03,1.355170178571428551e+03,1.383256607142857092e+03,1.401980892857142862e+03,1.343467499999999973e+03,1.411343035714285634e+03,1.336445892857142780e+03,1.310700000000000045e+03,1.376234999999999900e+03,1.380916071428571513e+03,1.317721607142857238e+03,1.350489107142857165e+03,1.350489107142857165e+03
1.331764821428571395e+03,1.392618750000000091e+03,1.390278214285714284e+03,1.320062142857142817e+03,1.338786428571428587e+03,1.355170178571428551e+03,1.369213392857142935e+03,1.327083750000000009e+03,1.310700000000000045e+03,1.310700000000000045e+03,1.371553928571428514e+03,1.341126964285714394e+03,1.320062142857142817e+03,1.350489107142857165e+03
1.366872857142857129e+03,1.371553928571428514e+03,1.359851249999999936e+03,1.334105357142857201e+03,1.341126964285714394e+03,1.324743214285714203e+03,1.317721607142857238e+03,1.364532321428571322e+03,1.409002500000000055e+03,1.376234999999999900e+03,1.401980892857142862e+03,1.315381071428571431e+03,1.366872857142857129e+03,1.355170178571428551e+03
1.362191785714285743e+03,1.387937678571428478e+03,1.406661964285714248e+03,1.334105357142857201e+03,1.322402678571428623e+03,1.284954107142857083e+03,1.266229821428571540e+03,1.327083750000000009e+03,1.329424285714285816e+03,1.362191785714285743e+03,1.357510714285714357e+03,1.350489107142857165e+03,1.348148571428571358e+03,1.371553928571428514e+03
1.341126964285714394e+03,1.310700000000000045e+03,1.310700000000000045e+03,1.329424285714285816e+03,1.284954107142857083e+03,1.411343035714285634e+03,1.392618750000000091e+03,1.334105357142857201e+03,1.378575535714285706e+03,1.329424285714285816e+03,1.348148571428571358e+03,1.439429464285714175e+03,1.327083750000000009e+03,1.355170178571428551e+03
1.306018928571428660e+03,1.369213392857142935e+03,1.324743214285714203e+03,1.373894464285714321e+03,1.310700000000000045e+03,1.329424285714285816e+03,1.280273035714285697e+03,1.350489107142857165e+03,1.343467499999999973e+03,1.390278214285714284e+03,1.327083750000000009e+03,1.376234999999999900e+03,1.364532321428571322e+03,1.366872857142857129e+03
1.350489107142857165e+03,1.394959285714285670e+03,1.352829642857142744e+03,1.359851249999999936e+03,1.294316250000000082e+03,1.308359464285714239e+03,1.362191785714285743e+03,1.308359464285714239e+03,1.322402678571428623e+03,1.399640357142857056e+03,1.355170178571428551e+03,1.411343035714285634e+03,1.275591964285714312e+03,1.404321428571428669e+03
1.423045714285714212e+03,1.392618750000000091e+03,1.343467499999999973e+03,1.350489107142857165e+03,1.329424285714285816e+03,1.387937678571428478e+03,1.378575535714285706e+03,1.322402678571428623e+03,1.411343035714285634e+03,1.355170178571428551e+03,1.474537499999999909e+03,1.359851249999999936e+03,1.369213392857142935e+03,1.301337857142857047e+03
1.348148571428571358e+03,1.348148571428571358e+03,1.331764821428571395e+03,1.310700000000000045e+03,1.334105357142857201e+03,1.313040535714285625e+03,1.329424285714285816e+03,1.366872857142857129e+03,1.324743214285714203e+03,1.364532321428571322e+03,1.334105357142857201e+03,1.329424285714285816e+03,1.369213392857142935e+03,1.291975714285714275e+03
1.385597142857142899e+03,1.331764821428571395e+03,1.373894464285714321e+03,1.259208214285714348e+03,1.357510714285714357e+03,1.355170178571428551e+03,1.373894464285714321e+03,1.303678392857142853e+03,1.371553928571428514e+03,1.350489107142857165e+03,1.343467499999999973e+03,1.331764821428571395e+03,1.394959285714285670e+03,1.348148571428571358e+03
1.320062142857142817e+03,1.397299821428571477e+03,1.357510714285714357e+03,1.284954107142857083e+03,1.355170178571428551e+03,1.409002500000000055e+03,1.350489107142857165e+03,1.350489107142857165e+03,1.334105357142857201e+03,1.336445892857142780e+03,1.378575535714285706e+03,1.418364642857142826e+03,1.320062142857142817e+03,1.327083750000000009e+03
1.373894464285714321e+03,1.324743214285714203e+03,1.294316250000000082e+03,1.378575535714285706e+03,1.322402678571428623e+03,1.294316250000000082e+03,1.324743214285714203e+03,1.420705178571428632e+03,1.338786428571428587e+03,1.392618750000000091e+03,1.385597142857142899e+03,1.399640357142857056e+03,1.357510714285714357e+03,1.423045714285714212e+03
1.317721607142857238e+03,1.364532321428571322e+03,1.322402678571428623e+03,1.373894464285714321e+03,1.359851249999999936e+03,1.313040535714285625e+03,1.327083750000000009e+03,1.390278214285714284e+03,1.291975714285714275e+03,1.341126964285714394e+03,1.329424285714285816e+03,1.341126964285714394e+03,1.343467499999999973e+03,1.338786428571428587e+03
1.345808035714285779e+03,1.345808035714285779e+03,1.345808035714285779e+03,1.324743214285714203e+03,1.378575535714285706e+03,1.284954107142857083e+03,1.394959285714285670e+03,1.371553928571428514e+03,1.380916071428571513e+03,1.350489107142857165e+03,1.355170178571428551e+03,1.329424285714285816e+03,1.369213392857142935e+03,1.392618750000000091e+03
1.385597142857142899e+03,1.329424285714285816e+03,1.291975714285714275e+03,1.268570357142857119e+03,1.376234999999999900e+03,1.385597142857142899e+03,1.411343035714285634e+03,1.390278214285714284e+03,1.341126964285714394e+03,1.392618750000000091e+03,1.294316250000000082e+03,1.291975714285714275e+03,1.409002500000000055e+03,1.390278214285714284e+03
1.380916071428571513e+03,1.350489107142857165e+03,1.369213392857142935e+03,1.357510714285714357e+03,1.364532321428571322e+03,1.306018928571428660e+03,1.338786428571428587e+03,1.359851249999999936e+03,1.359851249999999936e+03,1.336445892857142780e+03,1.327083750000000009e+03,1.345808035714285779e+03,1.401980892857142862e+03,1.409002500000000055e+03
1.376234999999999900e+03,1.322402678571428623e+03,1.397299821428571477e+03,1.392618750000000091e+03,1.343467499999999973e+03,1.341126964285714394e+03,1.369213392857142935e+03,1.404321428571428669e+03,1.343467499999999973e+03,1.338786428571428587e+03,1.331764821428571395e+03,1.416024107142857247e+03,1.296656785714285661e+03,1.380916071428571513e+03
1.376234999999999900e+03,1.324743214285714203e+03,1.434748392857142790e+03,1.355170178571428551e+03,1.411343035714285634e+03,1.401980892857142862e+03,1.336445892857142780e+03,1.336445892857142780e+03,1.301337857142857047e+03,1.322402678571428623e+03,1.366872857142857129e+03,1.350489107142857165e+03,1.341126964285714394e+03,1.362191785714285743e+03
1.338786428571428587e+03,1.385597142857142899e+03,1.406661964285714248e+03,1.357510714285714357e+03,1.380916071428571513e+03,1.369213392857142935e+03,1.425386250000000018e+03,1.273251428571428505e+03,1.343467499999999973e+03,1.383256607142857092e+03,1.366872857142857129e+03,1.322402678571428623e+03,1.392618750000000091e+03,1.362191785714285743e+03
1.373894464285714321e+03,1.369213392857142935e+03,1.334105357142857201e+03,1.341126964285714394e+03,1.359851249999999936e+03,1.313040535714285625e+03,1.301337857142857047e+03,1.324743214285714203e+03,1.327083750000000009e+03,1.364532321428571322e+03,1.380916071428571513e+03,1.371553928571428514e+03,1.331764821428571395e+03,1.409002500000000055e+03
1.268570357142857119e+03,1.362191785714285743e+03,1.411343035714285634e+03,1.366872857142857129e+03,1.329424285714285816e+03,1.341126964285714394e+03,1.338786428571428587e+03,1.291975714285714275e+03,1.364532321428571322e+03,1.392618750000000091e+03,1.387937678571428478e+03,1.338786428571428587e+03,1.383256607142857092e+03,1.352829642857142744e+03
1.317721607142857238e+03,1.366872857142857129e+03,1.327083750000000009e+03,1.390278214285714284e+03,1.322402678571428623e+03,1.345808035714285779e+03,1.301337857142857047e+03,1.359851249999999936e+03,1.366872857142857129e+03,1.352829642857142744e+03,1.317721607142857238e+03,1.336445892857142780e+03,1.385597142857142899e+03,1.334105357142857201e+03
1.364532321428571322e+03,1.338786428571428587e+03,1.345808035714285779e+03,1.359851249999999936e+03,1.336445892857142780e+03,1.439429464285714175e+03,1.392618750000000091e+03,1.313040535714285625e+03,1.315381071428571431e+03,1.350489107142857165e+03,1.364532321428571322e+03,1.380916071428571513e+03,1.364532321428571322e+03,1.306018928571428660e+03
1.357510714285714357e+03,1.308359464285714239e+03,1.303678392857142853e+03,1.352829642857142744e+03,1.359851249999999936e+03,1.289635178571428469e+03,1.317721607142857238e+03,1.341126964285714394e+03,1.437088928571428596e+03,1.362191785714285743e+03,1.352829642857142744e+03,1.383256607142857092e+03,1.371553928571428514e+03,1.261548749999999927e+03
1.348148571428571358e+03,1.329424285714285816e+03,1.376234999999999900e+03,1.352829642857142744e+03,1.359851249999999936e+03,1.320062142857142817e+03,1.350489107142857165e+03,1.308359464285714239e+03,1.376234999999999900e+03,1.409002500000000055e+03,1.392618750000000091e+03,1.306018928571428660e+03,1.359851249999999936e+03,1.371553928571428514e+03
1.366872857142857129e+03,1.313040535714285625e+03,1.359851249999999936e+03,1.313040535714285625e+03,1.409002500000000055e+03,1.385597142857142899e+03,1.329424285714285816e+03,1.291975714285714275e+03,1.294316250000000082e+03,1.343467499999999973e+03,1.317721607142857238e+03,1.313040535714285625e+03,1.376234999999999900e+03,1.322402678571428623e+03
1.350489107142857165e+03,1.343467499999999973e+03,1.331764821428571395e+03,1.394959285714285670e+03,1.327083750000000009e+03,1.350489107142857165e+03,1.359851249999999936e+03,1.409002500000000055e+03,1.352829642857142744e+03,1.364532321428571322e+03,1.352829642857142744e+03,1.329424285714285816e+03,1.338786428571428587e+03,1.348148571428571358e+03
1.380916071428571513e+03,1.434748392857142790e+03,1.350489107142857165e+03,1.394959285714285670e+03,1.341126964285714394e+03,1.371553928571428514e+03,1.357510714285714357e+03,1.329424285714285816e+03,1.341126964285714394e+03,1.373894464285714321e+03,1.334105357142857201e+03,1.423045714285714212e+03,1.385597142857142899e+03,1.425386250000000018e+03
1.355170178571428551e+03,1.324743214285714203e+03,1.357510714285714357e+03,1.371553928571428514e+03,1.369213392857142935e+03,1.366872857142857129e+03,1.385597142857142899e+03,1.320062142857142817e+03,1.376234999999999900e+03,1.350489107142857165e+03,1.298997321428571468e+03,1.308359464285714239e+03,1.331764821428571395e+03,1.329424285714285816e+03
1.343467499999999973e+03,1.366872857142857129e+03,1.366872857142857129e+03,1.366872857142857129e+03,0.000000000000000000e+00,5.186207084395564974e-320,6.948968353866042382e-310,6.948968353866042382e-310,1.203291742163639209e-316,1.203291742163639209e-316,4.783717910418116874e+33,4.791640726671387983e+33,4.799563542924659091e+33,4.807486359177930199e+33
4.531693125399755143e+33,4.555144661509437623e+33,4.578596197619120103e+33,4.602047733728802583e+33,4.615516521360912994e+33,4.625657726165100012e+33,4.635798930969287031e+33,4.645940135773474049e+33,4.635878159134955688e+33,4.619081788678020939e+33,4.602285418221086190e+33,4.585489047764151440e+33,4.594837970938953064e+33,4.612901991996411191e+33
4.630966013053869317e+33,4.649030034111327444e+33,4.672085429407571606e+33,4.696804616117777463e+33,4.721523802827983320e+33,4.746242989538189178e+33,4.734358765163964113e+33,4.710273403754019944e+33,4.686188042344075775e+33,4.662102680934131606e+33,4.661548083792750174e+33,4.668837074745759593e+33,4.676126065698769013e+33,4.683415056651778432e+33
4.722316084450432739e+33,4.771754457870844454e+33,4.821192831291256169e+33,4.870631204711667884e+33,4.911750621067436208e+33,4.950097051733268371e+33,4.988443482399100535e+33,5.026789913064932698e+33,5.047072322676110640e+33,5.061333391931998635e+33,5.075594461187886630e+33,5.089855530443774624e+33,5.089855530445988234e+33,5.085101840694025569e+33
5.080348150942062904e+33,5.075594461190100239e+33,5.077020568114729808e+33,5.080506607266169095e+33,5.083992646417608383e+33,5.087478685569047670e+33,5.088350195357313321e+33,5.088350195357313321e+33,5.088350195357313321e+33,5.088350195357313321e+33,5.087874826382190841e+33,5.087241001081929153e+33,5.086607175781667464e+33,5.085973350481405775e+33
5.061571076425020111e+33,5.029245986111673990e+33,4.996920895798327868e+33,4.964595805484981747e+33,4.937737458385544140e+33,4.912701359025207438e+33,4.887665259664870736e+33,4.862629160304534035e+33,4.857796242386902712e+33,4.859697718287687778e+33,4.861599194188472844e+33,4.863500670089257910e+33,4.881802375631768519e+33,4.905570824391581844e+33
4.929339273151395168e+33,4.953107721911208493e+33,4.970934058481990823e+33,4.986779690988533040e+33,5.002625323495075256e+33,5.018470956001617472e+33,5.012211931164964391e+33,4.998584687209338085e+33,4.984957443253711779e+33,4.971330199298085473e+33,4.978143821272725786e+33,4.991771065228352092e+33,5.005398309183978398e+33,5.019025553139604704e+33
5.023383102080342660e+33,5.024650752680866037e+33,5.025918403281389414e+33,5.027186053881912792e+33,5.019897062930231538e+33,5.009755858126044519e+33,4.999614653321857501e+33,4.989473448517670482e+33,4.956276848420043208e+33,4.915395116553164289e+33,4.874513384686285371e+33,4.833631652819406453e+33,4.818419845609141429e+33,4.811764679956393698e+33
4.805109514303645967e+33,4.798454348650898236e+33,4.796315188261814061e+33,4.795681362961552372e+33,4.795047537661290683e+33,4.794413712361028995e+33,4.800197368224920779e+33,4.808120184478191888e+33,4.816043000731462996e+33,4.823965816984734104e+33,4.851616445705588112e+33,4.885843011919719299e+33,4.920069578133850487e+33,4.954296144347981674e+33
4.985432812223816744e+33,5.015539513986246955e+33,5.045646215748677166e+33,5.075752917511107377e+33,5.084705699880587250e+33,5.086607175781372316e+33,5.088508651682157382e+33,5.090410127582942448e+33,5.088270967195186438e+33,5.084784928043747150e+33,5.081298888892307863e+33,5.077812849740868575e+33,5.068147013912837054e+33,5.056421245857995814e+33
5.044695477803154574e+33,5.032969709748313334e+33,5.020293203743227135e+33,5.007299785087862517e+33,4.994306366432497900e+33,4.981312947777133282e+33,4.974974694773483378e+33,4.970854830321782402e+33,4.966734965870081426e+33,4.962615101418380449e+33,4.957544499016434514e+33,4.952156983964210161e+33,4.946769468911985807e+33,4.941381953859761453e+33
4.928388535205577428e+33,4.912859815349166056e+33,4.897331095492754684e+33,4.881802375636343312e+33,4.890755157998739635e+33,4.907868441105805228e+33,4.924981724212870822e+33,4.942095007319936416e+33,4.946848697073817542e+33,4.947482522374079231e+33,4.948116347674340919e+33,4.948750172974602608e+33,4.946769468911690659e+33,4.943917255060513060e+33
4.941065041209335461e+33,4.938212827358157862e+33,4.935598297994541503e+33,4.933062996793494749e+33,4.930527695592447994e+33,4.927992394391401239e+33,4.924744039727670765e+33,4.921258000576231478e+33,4.917771961424792190e+33,4.914285922273352903e+33,4.903193979519953943e+33,4.889566735564327637e+33,4.875939491608701331e+33,4.862312247653075025e+33
4.852725639985989794e+33,4.844485911082587842e+33,4.836246182179185890e+33,4.828006453275783937e+33,4.822856622710678101e+33,4.818736758258977125e+33,4.814616893807276149e+33,4.810497029355575173e+33,4.815646859918762547e+33,4.823886588822164499e+33,4.832126317725566452e+33,4.840366046628968404e+33,4.843614401293584322e+33,4.845198964544238544e+33
4.846783527794892765e+33,4.848368091045546987e+33,4.842584435181802776e+33,4.834344706278400824e+33,4.826104977374998871e+33,4.817865248471596919e+33,4.820321321508450755e+33,4.826342661860936797e+33,4.832364002213422840e+33,4.838385342565908882e+33,4.840841415604976328e+33,4.842109066205499705e+33,4.843376716806023082e+33,4.844644367406546460e+33
4.848051178395120995e+33,4.852171042846821971e+33,4.856290907298522947e+33,4.860410771750223923e+33,4.856449363624842748e+33,4.849794197972095017e+33,4.843139032319347286e+33,4.836483866666599555e+33,4.833631652814831661e+33,4.832047089564177439e+33,4.830462526313523217e+33,4.828877963062868996e+33,4.839890677652960481e+33,4.855102484859241009e+33
4.870314292065521537e+33,4.885526099271802064e+33,4.893369687363684159e+33,4.898757202415908513e+33,4.904144717468132867e+33,4.909532232520357220e+33,4.911829849234285457e+33,4.913097499834808834e+33,4.914365150435332211e+33,4.915632801035855589e+33,4.916425082661256486e+33,4.917058907961518175e+33,4.917692733261779864e+33,4.918326558562041552e+33
4.918960383862303241e+33,4.919594209162564930e+33,4.920228034462826618e+33,4.920861859763088307e+33,4.916979679799686440e+33,4.911592164747462087e+33,4.906204649695237733e+33,4.900817134643013380e+33,4.894003512665421588e+33,4.886714521712412168e+33,4.879425530759402749e+33,4.872136539806393329e+33,4.867224393728996307e+33,4.863104529277295331e+33
4.858984664825594355e+33,4.854864800373893378e+33,4.865956743126111747e+33,4.882119288282784807e+33,4.898281833439457868e+33,4.914444378596130929e+33,4.921099544250354399e+33,4.924585583401793687e+33,4.928071622553232974e+33,4.931557661704672262e+33,4.935043700856111549e+33,4.938529740007550837e+33,4.942015779158990124e+33,4.945501818310429412e+33
4.949463226436991179e+33,4.953583090888692155e+33,4.957702955340393132e+33,4.961822819792094108e+33,4.957148358204029213e+33,4.949542454600888949e+33,4.941936550997748685e+33,4.934330647394608422e+33,4.889645963731914756e+33,4.832601686708362777e+33,4.775557409684810798e+33,4.718513132661258819e+33,4.689753309657494372e+33,4.670421637999512868e+33
4.651089966341531364e+33,4.631758294683549860e+33,4.654734461811469033e+33,4.691813241876777819e+33,4.728892021942086605e+33,4.765970802007395391e+33,4.793542202570254587e+33,4.817944476630329600e+33,4.842346750690404614e+33,4.866749024750479627e+33,4.877365598532002734e+33,4.883386938884488776e+33,4.889408279236974818e+33,4.895429619589460861e+33
4.896934954678283347e+33,4.896934954678283347e+33,4.896934954678283347e+33,4.896934954678283347e+33,4.893845056339987231e+33,4.889725191888286254e+33,4.885605327436585278e+33,4.881485462984884302e+33,4.866669796592927536e+33,4.848288862885338566e+33,4.829907929177749595e+33,4.811526995470160624e+33,4.805505655115756120e+33,4.803604179214971054e+33
4.801702703314185988e+33,4.799801227413400922e+33,4.797662067025054616e+33,4.795443678474138706e+33,4.793225289923222796e+33,4.791006901372306886e+33,4.756225738025501129e+33,4.710590316406659546e+33,4.664954894787817963e+33,4.619319473168976380e+33,4.636195071778740853e+33,4.673907677144311327e+33,4.711620282509881802e+33,4.749332887875452277e+33
4.762326306534653817e+33,4.767079996286616482e+33,4.771833686038579147e+33,4.776587375790541812e+33,4.775161268865912243e+33,4.771675229714472956e+33,4.768189190563033668e+33,4.764703151411594380e+33,2.642464821428571213e+03,2.619059464285714512e+03,2.761832142857143026e+03,2.672891785714285561e+03,2.801621250000000146e+03,2.754810535714285834e+03
2.670551249999999982e+03,2.506713749999999891e+03,2.628421607142857283e+03,2.637783750000000055e+03,2.668210714285714403e+03,2.654167500000000018e+03,2.661189107142857210e+03,2.502032678571428733e+03,2.537140714285714239e+03,2.665870178571428369e+03,2.560546071428571395e+03,2.532459642857143081e+03,2.637783750000000055e+03,3.826538427040454485e-320
6.948968353779086828e-310,6.948968353779086828e-310,0.000000000000000000e+00,0.000000000000000000e+00,2.771194285714285797e+03,2.736086249999999836e+03,2.612037857142857320e+03,2.434157142857142844e+03,2.495011071428571540e+03,2.434157142857142844e+03,2.476286785714285543e+03,2.464584107142857192e+03,2.415432857142857301e+03,2.438838214285714457e+03
2.408411250000000109e+03,2.464584107142857192e+03,2.368622142857142990e+03,2.317130357142857065e+03,2.392027500000000146e+03,2.354578928571428605e+03,2.345216785714285834e+03,2.401389642857142917e+03,2.333514107142857029e+03,2.326492499999999836e+03,2.361600535714285797e+03,2.370962678571428569e+03,2.382665357142856919e+03,2.354578928571428605e+03
2.373303214285714148e+03,2.375643750000000182e+03,2.354578928571428605e+03,2.387346428571428532e+03,2.328833035714285870e+03,2.373303214285714148e+03,2.424795000000000073e+03,2.317130357142857065e+03,2.326492499999999836e+03,2.335854642857143062e+03,2.396708571428571304e+03,2.511394821428571504e+03,2.392027500000000146e+03,2.438838214285714457e+03
2.403730178571428496e+03,2.483308392857142735e+03,2.403730178571428496e+03,2.382665357142856919e+03,2.490329999999999927e+03,2.448200357142857229e+03,2.455221964285714421e+03,2.511394821428571504e+03,2.623740535714285670e+03,2.607356785714285706e+03,2.532459642857143081e+03,2.544162321428571431e+03,2.523097499999999854e+03,2.520756964285714275e+03
2.565227142857143008e+03,2.539481249999999818e+03,2.635443214285714475e+03,2.623740535714285670e+03,2.635443214285714475e+03,2.647145892857142826e+03,2.729064642857142644e+03,2.637783750000000055e+03,2.651826964285714439e+03,2.738426785714285870e+03,2.712680892857142680e+03,2.722043035714285907e+03,2.747788928571428642e+03,2.761832142857143026e+03
2.822686071428571267e+03,2.759491607142856992e+03,2.890561607142857156e+03,2.902264285714285506e+03,2.979501964285714166e+03,2.991204642857142971e+03,2.930350714285714275e+03,2.930350714285714275e+03,3.007588392857142935e+03,2.909285892857142699e+03,3.040355892857142862e+03,3.052058571428571213e+03,3.110571964285714330e+03,3.138658392857142644e+03
3.063761250000000018e+03,3.171425892857143026e+03,3.110571964285714330e+03,3.162063749999999800e+03,3.145679999999999836e+03,3.199512321428571340e+03,3.300155357142857156e+03,3.356328214285714239e+03,3.419522678571428514e+03,3.232279821428571267e+03,3.468673928571428405e+03,3.370371428571428623e+03,3.431225357142857320e+03,3.435906428571428478e+03
3.510803571428571558e+03,3.370371428571428623e+03,3.531868392857142680e+03,3.620808750000000146e+03,3.597403392857142990e+03,3.672300535714285616e+03,3.637192500000000109e+03,3.609106071428571340e+03,3.630170892857142917e+03,3.719111249999999927e+03,3.735494999999999891e+03,3.871246071428571213e+03,3.803370535714285779e+03,3.896991964285714403e+03
3.779965178571428623e+03,3.791667857142856974e+03,3.899332499999999982e+03,3.927418928571428751e+03,3.913375714285714366e+03,3.894651428571428369e+03,3.925078392857142717e+03,3.920397321428571558e+03,4.028061964285714112e+03,4.049126785714285688e+03,3.981251249999999800e+03,4.180196785714285397e+03,4.219985892857142971e+03,4.086575357142857229e+03
4.023380892857142953e+03,4.070191607142857265e+03,4.168494107142857501e+03,4.170834642857143081e+03,4.313607321428571595e+03,4.147429285714285470e+03,4.187218392857143044e+03,4.245731785714286161e+03,4.243391249999999673e+03,4.308926250000000437e+03,4.147429285714285470e+03,4.208283214285714166e+03,4.329991071428571558e+03,4.311266785714286016e+03
4.753628035714285943e+03,4.376801785714285870e+03,4.346374821428571522e+03,4.421271964285714603e+03,4.301904642857142790e+03,4.276158749999999600e+03,4.332331607142857138e+03,4.388504464285714675e+03,4.287861428571428405e+03,4.287861428571428405e+03,4.241050714285714093e+03,4.264456071428571704e+03,4.339353214285713875e+03,4.418931428571429024e+03
4.397866607142856992e+03,4.416590892857142535e+03,4.393185535714285834e+03,4.287861428571428405e+03,4.353396428571428260e+03,4.369780178571428223e+03,4.241050714285714093e+03,4.280839821428571668e+03,4.390845000000000255e+03,4.360418035714285907e+03,4.308926250000000437e+03,4.353396428571428260e+03,4.341693750000000364e+03,4.388504464285714675e+03
4.304245178571428369e+03,4.390845000000000255e+03,4.404888214285714639e+03,4.454039464285714530e+03,4.367439642857142644e+03,4.320628928571428332e+03,4.470423214285714494e+03,4.500850178571428842e+03,4.465742142857142426e+03,4.388504464285714675e+03,4.358077500000000327e+03,4.402547678571428150e+03,4.393185535714285834e+03,4.496169107142856774e+03
4.456380000000000109e+03,4.355736964285713839e+03,4.409569285714285797e+03,4.486806964285714457e+03,4.458720535714285688e+03,4.484466428571428878e+03,4.435315178571428987e+03,4.681071428571428442e+03,4.610855357142857429e+03,4.695114642857142826e+03,4.592131071428570976e+03,4.564044642857143117e+03,4.552341964285714312e+03,4.699795714285713984e+03
4.650644464285714093e+03,4.676390357142857283e+03,4.699795714285713984e+03,4.908103392857143263e+03,4.947892499999999927e+03,4.891719642857143299e+03,4.990022142857143081e+03,4.950233035714285506e+03,4.945551964285714348e+03,5.043854464285714130e+03,4.940870892857143190e+03,5.097686785714286088e+03,5.067259821428571740e+03,5.083643571428571704e+03
5.118751607142857210e+03,5.268545892857142462e+03,5.015768035714285361e+03,5.041513928571428551e+03,5.008746428571428623e+03,4.990022142857143081e+03,4.940870892857143190e+03,4.936189821428571122e+03,4.961935714285714312e+03,5.088324642857142862e+03,5.071940892857142899e+03,5.055557142857142935e+03,4.877676428571428914e+03,5.018108571428571850e+03
5.109389464285713984e+03,5.046194999999999709e+03,5.128113750000000437e+03,5.130454285714286016e+03,5.043854464285714130e+03,5.018108571428571850e+03,5.116411071428571631e+03,5.317697142857143263e+03,5.217054107142856992e+03,5.104708392857142826e+03,5.221735178571428150e+03,5.172583928571428260e+03,5.144497500000000400e+03,5.109389464285713984e+03
5.280248571428571267e+03,5.280248571428571267e+03,5.303653928571428878e+03,5.221735178571428150e+03,5.235778392857142535e+03,5.401956428571428660e+03,5.277908035714285688e+03,5.376210535714285470e+03,5.460469821428571777e+03,5.336421428571428805e+03,5.338761964285714384e+03,5.343443035714285543e+03,5.256843214285714566e+03,5.275567500000000109e+03
5.291951250000000073e+03,5.350464642857143190e+03,5.364507857142857574e+03,5.486215714285714057e+03,5.294291785714285652e+03,5.221735178571428150e+03,5.362167321428571086e+03,5.437064464285714166e+03,5.401956428571428660e+03,5.107048928571428405e+03,5.214713571428571413e+03,5.132794821428571595e+03,5.111729999999999563e+03,5.240459464285714603e+03
5.315356607142856774e+03,5.242800000000000182e+03,5.275567500000000109e+03,5.093005714285714021e+03,5.284929642857142426e+03,5.266205357142856883e+03,5.228756785714285797e+03,5.069600357142857320e+03,5.177265000000000327e+03,5.203010892857142608e+03,5.083643571428571704e+03,5.298972857142856810e+03,5.249821607142856919e+03,5.104708392857142826e+03
5.165562321428571522e+03,5.132794821428571595e+03,4.919806071428571158e+03,5.214713571428571413e+03,5.093005714285714021e+03,5.158540714285713875e+03,5.144497500000000400e+03,5.104708392857142826e+03,4.936189821428571122e+03,4.975978928571428696e+03,5.013427499999999782e+03,5.074281428571428478e+03,4.884698035714285652e+03,5.118751607142857210e+03
5.018108571428571850e+03,4.929168214285714384e+03,5.032151785714285325e+03,5.125773214285713948e+03,5.165562321428571522e+03,4.985341071428571013e+03,5.107048928571428405e+03,4.954914107142857574e+03,5.093005714285714021e+03,4.990022142857143081e+03,5.130454285714286016e+03,4.912784464285714421e+03,4.961935714285714312e+03,5.149178571428571558e+03
5.078962499999999636e+03,4.880016964285714494e+03,5.083643571428571704e+03,4.973638392857143117e+03,5.074281428571428478e+03,5.095346249999999600e+03,4.912784464285714421e+03,5.067259821428571740e+03,4.891719642857143299e+03,5.055557142857142935e+03,5.057897678571428514e+03,5.027470714285714166e+03,5.055557142857142935e+03,4.924487142857143226e+03
5.057897678571428514e+03,5.203010892857142608e+03,5.095346249999999600e+03,5.224075714285714639e+03,5.282589107142856847e+03,5.210032500000000255e+03,5.076621964285714057e+03,5.128113750000000437e+03,5.172583928571428260e+03,5.078962499999999636e+03,5.252162142857142499e+03,5.076621964285714057e+03,5.109389464285713984e+03,5.125773214285713948e+03
4.983000535714285434e+03,5.071940892857142899e+03,5.242800000000000182e+03,5.172583928571428260e+03,5.233437857142856956e+03,5.102367857142857247e+03,5.188967678571428223e+03,5.116411071428571631e+03,5.167902857142857101e+03,5.242800000000000182e+03,5.362167321428571086e+03,5.198329821428571449e+03,5.167902857142857101e+03,5.301313392857143299e+03
5.394934821428571013e+03,5.394934821428571013e+03,5.310675535714285616e+03,5.235778392857142535e+03,5.401956428571428660e+03,5.324718750000000000e+03,5.343443035714285543e+03,5.458129285714285288e+03,5.217054107142856992e+03,5.465150892857142935e+03,5.483875178571428478e+03,5.298972857142856810e+03,5.317697142857143263e+03,5.324718750000000000e+03
5.490896785714286125e+03,5.303653928571428878e+03,5.345783571428571122e+03,5.364507857142857574e+03,5.327059285714285579e+03,5.186627142857142644e+03,5.203010892857142608e+03,5.135135357142857174e+03,5.308335000000000036e+03,5.172583928571428260e+03,5.235778392857142535e+03,5.235778392857142535e+03,5.165562321428571522e+03,5.083643571428571704e+03
5.100027321428571668e+03,4.952573571428571086e+03,5.008746428571428623e+03,5.100027321428571668e+03,5.114070535714286052e+03,5.029811249999999745e+03,5.057897678571428514e+03,4.877676428571428914e+03,5.018108571428571850e+03,4.978319464285714275e+03,4.755968571428571522e+03,4.868314285714285688e+03,4.858952142857142462e+03,4.856611607142856883e+03
5.078962499999999636e+03,5.100027321428571668e+03,5.247481071428571340e+03,5.181946071428571486e+03,5.135135357142857174e+03,5.139816428571428332e+03,4.915125000000000000e+03,4.936189821428571122e+03,4.840227857142856919e+03,4.681071428571428442e+03,4.676390357142857283e+03,4.772352321428571486e+03,4.683411964285714021e+03,4.671709285714286125e+03
4.779373928571428223e+03,4.758309107142857101e+03,4.578087857142857501e+03,4.507871785714285579e+03,4.491488035714285616e+03,4.435315178571428987e+03,4.332331607142857138e+03,4.428293571428571340e+03,4.393185535714285834e+03,4.234029107142857356e+03,4.135726607142857574e+03,4.152110357142857538e+03,4.243391249999999673e+03,4.191899464285714203e+03
4.163813035714285434e+03,4.163813035714285434e+03,4.067851071428571231e+03,4.203602142857143008e+03,4.056148392857142881e+03,3.981251249999999800e+03,4.091256428571428387e+03,3.995294464285714184e+03,3.946143214285714294e+03,3.887629821428571631e+03,3.857202857142857283e+03,3.815073214285714130e+03,3.786986785714285816e+03,3.789327321428571395e+03
3.847840714285714512e+03,3.742516607142857083e+03,3.822094821428571322e+03,3.691024821428571613e+03,3.751878749999999854e+03,3.740176071428571504e+03,3.716770714285714348e+03,3.602084464285714148e+03,3.613787142857142953e+03,3.644214107142857301e+03,3.620808750000000146e+03,3.522506249999999909e+03,3.529527857142857101e+03,3.428884821428571286e+03
3.620808750000000146e+03,3.527187321428571522e+03,3.529527857142857101e+03,3.435906428571428478e+03,3.501441428571428787e+03,3.487398214285714403e+03,3.398457857142856938e+03,3.407820000000000164e+03,3.513144107142857138e+03,3.316539107142857119e+03,3.321220178571428733e+03,3.342284999999999854e+03,3.396117321428571358e+03,3.272068928571428387e+03
3.276750000000000000e+03,3.297814821428571577e+03,3.243982500000000073e+03,3.260366250000000036e+03,3.297814821428571577e+03,3.166744821428571413e+03,3.344625535714285888e+03,3.286112142857142771e+03,3.269728392857142808e+03,3.260366250000000036e+03,3.286112142857142771e+03,3.159723214285714221e+03,3.211215000000000146e+03,3.243982500000000073e+03
3.222917678571428496e+03,3.295474285714285543e+03,3.117593571428571522e+03,3.133977321428571486e+03,3.019291071428571286e+03,3.138658392857142644e+03,3.126955714285714294e+03,3.007588392857142935e+03,3.101209821428571558e+03,3.033334285714285670e+03,2.953756071428571431e+03,2.956096607142857010e+03,2.897583214285714348e+03,2.911626428571428733e+03
2.885880535714285543e+03,3.054399107142857247e+03,2.937372321428571468e+03,2.904604821428571540e+03,2.794599642857142953e+03,2.829707678571428460e+03,2.846091428571428423e+03,2.778215892857142990e+03,2.888221071428571577e+03,2.810983392857142917e+03,2.792259107142856919e+03,2.850772500000000036e+03,2.789918571428571340e+03,2.757151071428571413e+03
2.761832142857143026e+03,2.796940178571428532e+03,2.761832142857143026e+03,2.778215892857142990e+03,2.773534821428571377e+03,2.757151071428571413e+03,2.679913392857142753e+03,2.754810535714285834e+03,2.775875357142856956e+03,2.698637678571428751e+03,2.609697321428571286e+03,2.644805357142857247e+03,2.572248750000000200e+03,2.715021428571428714e+03
2.600335178571428514e+03,2.658848571428571631e+03,2.605016250000000127e+03,2.597994642857142935e+03,2.576929821428571358e+03,2.600335178571428514e+03,2.670551249999999982e+03,2.572248750000000200e+03,2.677572857142857174e+03,2.619059464285714512e+03,2.525438035714285888e+03,2.452881428571428387e+03,2.445859821428571649e+03,2.509054285714285925e+03
2.541821785714285852e+03,2.539481249999999818e+03,2.471605714285714384e+03,2.492670535714285506e+03,2.490329999999999927e+03,2.354578928571428605e+03,2.466924642857142771e+03,2.366281607142856956e+03,2.422454464285714494e+03,2.406070714285714075e+03,2.359260000000000218e+03,2.385005892857142953e+03,2.408411250000000109e+03,2.338195178571428642e+03
2.380324821428571340e+03,2.319470892857142644e+03,2.286703392857142717e+03,2.235211607142857247e+03,2.303087142857142680e+03,2.352238392857143026e+03,2.223508928571428442e+03,2.190741428571428514e+03,2.197763035714285706e+03,2.265638571428571595e+03,2.310108749999999873e+03,2.293724999999999909e+03,2.237552142857142826e+03,2.232871071428571213e+03
2.228190000000000055e+03,2.169676607142856938e+03,2.200103571428571286e+03,2.141590178571428623e+03,2.174357678571428551e+03,2.232871071428571213e+03,2.073714642857142735e+03,2.115844285714285888e+03,2.066693035714285543e+03,2.090098392857142699e+03,2.059671428571428351e+03,2.111163214285714275e+03,2.043287678571428614e+03,2.010520178571428460e+03
2.073714642857142735e+03,2.036266071428571422e+03,1.975412142857142953e+03,2.043287678571428614e+03,2.078395714285714348e+03,1.930941964285714221e+03,2.062011964285714384e+03,1.902855535714285679e+03,1.998817500000000109e+03,2.001158035714285688e+03,1.944985178571428605e+03,1.909877142857142871e+03,1.912217678571428678e+03,1.956687857142857183e+03
1.970731071428571340e+03,1.947325714285714184e+03,1.884131249999999909e+03,1.804553035714285670e+03,1.863066428571428560e+03,1.928601428571428642e+03,1.834980000000000018e+03,1.769444999999999936e+03,1.809234107142857056e+03,1.823277321428571440e+03,1.778807142857142935e+03,1.827958392857142826e+03,1.792850357142857092e+03,1.797531428571428478e+03
1.806893571428571477e+03,1.802212500000000091e+03,1.774126071428571322e+03,1.701569464285714275e+03,1.795190892857142899e+03,1.813915178571428669e+03,1.774126071428571322e+03,1.713272142857142853e+03,1.678164107142857119e+03,1.741358571428571395e+03,1.724974821428571431e+03,1.734336964285714203e+03,1.790509821428571513e+03,1.710931607142857047e+03
1.675823571428571540e+03,1.654758749999999964e+03,1.645396607142857192e+03,1.696888392857142890e+03,1.666461428571428542e+03,1.736677500000000009e+03,1.701569464285714275e+03,1.680504642857142926e+03,1.687526249999999891e+03,1.703910000000000082e+03,1.636034464285714193e+03,1.734336964285714203e+03,1.600926428571428460e+03,1.710931607142857047e+03
1.598585892857142881e+03,1.703910000000000082e+03,1.621991250000000036e+03,1.631353392857142808e+03,1.617310178571428651e+03,1.624331785714285616e+03,1.689866785714285697e+03,1.600926428571428460e+03,1.643056071428571386e+03,1.654758749999999964e+03,1.657099285714285770e+03,1.561137321428571340e+03,1.617310178571428651e+03,1.619650714285714230e+03
1.586883214285714303e+03,1.621991250000000036e+03,1.621991250000000036e+03,1.596245357142857074e+03,1.617310178571428651e+03,1.636034464285714193e+03,1.547094107142857183e+03,1.598585892857142881e+03,1.537731964285714184e+03,1.584542678571428496e+03,1.558796785714285761e+03,1.589223750000000109e+03,1.577521071428571531e+03,1.600926428571428460e+03
1.572839999999999918e+03,1.526029285714285606e+03,1.617310178571428651e+03,1.514326607142857256e+03,1.465175357142857138e+03,1.572839999999999918e+03,1.526029285714285606e+03,1.479218571428571522e+03,1.549434642857142762e+03,1.605607500000000073e+03,1.692207321428571504e+03,1.825617857142857247e+03,2.094779464285714312e+03,2.108822678571428696e+03
1.849023214285714175e+03,1.792850357142857092e+03,1.664120892857142962e+03,1.645396607142857192e+03,1.565818392857142953e+03,1.563477857142857147e+03,1.603266964285714266e+03,1.486240178571428487e+03,1.540072499999999991e+03,1.575180535714285725e+03,1.535391428571428605e+03,1.458153749999999945e+03,1.544753571428571377e+03,1.413683571428571440e+03
1.507305000000000064e+03,1.460494285714285752e+03,1.441769999999999982e+03,1.406661964285714248e+03,1.514326607142857256e+03,1.458153749999999945e+03,1.519007678571428642e+03,1.507305000000000064e+03,1.483899642857142908e+03,1.540072499999999991e+03,1.507305000000000064e+03,1.591564285714285688e+03,1.446451071428571368e+03,1.483899642857142908e+03
1.467515892857142944e+03,1.488580714285714294e+03,1.434748392857142790e+03,1.453472678571428560e+03,1.479218571428571522e+03,1.476878035714285716e+03,1.427726785714285825e+03,1.383256607142857092e+03,1.460494285714285752e+03,1.488580714285714294e+03,1.439429464285714175e+03,1.444110535714285788e+03,1.444110535714285788e+03,1.479218571428571522e+03
1.418364642857142826e+03,1.409002500000000055e+03,1.411343035714285634e+03,1.437088928571428596e+03,1.401980892857142862e+03,1.430067321428571404e+03,1.549434642857142762e+03,1.502623928571428678e+03,1.413683571428571440e+03,1.451132142857142753e+03,1.509645535714285643e+03,1.462834821428571331e+03,1.479218571428571522e+03,1.446451071428571368e+03
1.497942857142857065e+03,1.383256607142857092e+03,1.460494285714285752e+03,1.462834821428571331e+03,1.462834821428571331e+03,1.458153749999999945e+03,1.481559107142857101e+03,1.490921250000000100e+03,1.462834821428571331e+03,1.453472678571428560e+03,1.409002500000000055e+03,1.502623928571428678e+03,1.502623928571428678e+03,1.425386250000000018e+03
1.373894464285714321e+03,1.451132142857142753e+03,1.509645535714285643e+03,1.359851249999999936e+03,1.458153749999999945e+03,1.514326607142857256e+03,1.528369821428571413e+03,1.441769999999999982e+03,1.521348214285714221e+03,1.483899642857142908e+03,1.455813214285714366e+03,1.434748392857142790e+03,1.437088928571428596e+03,1.418364642857142826e+03
1.444110535714285788e+03,1.462834821428571331e+03,1.427726785714285825e+03,1.448791607142857174e+03,1.453472678571428560e+03,1.476878035714285716e+03,1.432407857142857210e+03,1.444110535714285788e+03,1.483899642857142908e+03,1.392618750000000091e+03,1.448791607142857174e+03,1.458153749999999945e+03,1.394959285714285670e+03,1.430067321428571404e+03
1.427726785714285825e+03,1.411343035714285634e+03,1.523688750000000027e+03,1.411343035714285634e+03,1.385597142857142899e+03,1.430067321428571404e+03,1.352829642857142744e+03,1.416024107142857247e+03,1.413683571428571440e+03,1.394959285714285670e+03,1.392618750000000091e+03,1.383256607142857092e+03,1.420705178571428632e+03,1.409002500000000055e+03
1.364532321428571322e+03,1.451132142857142753e+03,1.444110535714285788e+03,1.401980892857142862e+03,1.453472678571428560e+03,1.453472678571428560e+03,1.376234999999999900e+03,1.511986071428571449e+03,1.448791607142857174e+03,1.423045714285714212e+03,1.430067321428571404e+03,1.425386250000000018e+03,1.460494285714285752e+03,1.500283392857142871e+03
1.418364642857142826e+03,1.446451071428571368e+03,1.411343035714285634e+03,1.441769999999999982e+03,1.509645535714285643e+03,1.469856428571428523e+03,1.406661964285714248e+03,1.409002500000000055e+03,1.387937678571428478e+03,1.423045714285714212e+03,1.352829642857142744e+03,1.416024107142857247e+03,1.423045714285714212e+03,1.406661964285714248e+03
1.423045714285714212e+03,1.416024107142857247e+03,1.373894464285714321e+03,1.385597142857142899e+03,1.411343035714285634e+03,1.479218571428571522e+03,1.427726785714285825e+03,1.369213392857142935e+03,1.380916071428571513e+03,1.413683571428571440e+03,1.362191785714285743e+03,1.399640357142857056e+03,1.427726785714285825e+03,1.476878035714285716e+03
1.364532321428571322e+03,1.441769999999999982e+03,1.376234999999999900e+03,1.362191785714285743e+03,1.409002500000000055e+03,1.437088928571428596e+03,1.416024107142857247e+03,1.385597142857142899e+03,1.423045714285714212e+03,1.378575535714285706e+03,1.451132142857142753e+03,1.366872857142857129e+03,1.392618750000000091e+03,1.409002500000000055e+03
1.430067321428571404e+03,1.359851249999999936e+03,1.406661964285714248e+03,1.387937678571428478e+03,1.397299821428571477e+03,1.416024107142857247e+03,1.432407857142857210e+03,1.341126964285714394e+03,1.490921250000000100e+03,1.437088928571428596e+03,1.380916071428571513e+03,1.310700000000000045e+03,1.352829642857142744e+03,1.327083750000000009e+03
1.336445892857142780e+03,1.362191785714285743e+03,1.383256607142857092e+03,1.331764821428571395e+03,1.460494285714285752e+03,1.420705178571428632e+03,1.350489107142857165e+03,1.441769999999999982e+03,1.404321428571428669e+03,1.420705178571428632e+03,1.399640357142857056e+03,1.427726785714285825e+03,1.373894464285714321e+03,1.441769999999999982e+03
1.383256607142857092e+03,1.486240178571428487e+03,1.394959285714285670e+03,1.355170178571428551e+03,1.362191785714285743e+03,1.432407857142857210e+03,1.416024107142857247e+03,1.425386250000000018e+03,1.397299821428571477e+03,1.352829642857142744e+03,1.392618750000000091e+03,1.406661964285714248e+03,1.502623928571428678e+03,2.054990357142857192e+03
2.832048214285714494e+03,3.033334285714285670e+03,2.502032678571428733e+03,2.162655000000000200e+03,1.954347321428571377e+03,1.767104464285714357e+03,1.699228928571428469e+03,1.584542678571428496e+03,1.486240178571428487e+03,1.427726785714285825e+03,1.437088928571428596e+03,1.348148571428571358e+03,1.399640357142857056e+03,1.373894464285714321e+03
1.350489107142857165e+03,1.399640357142857056e+03,1.427726785714285825e+03,1.352829642857142744e+03,1.416024107142857247e+03,1.383256607142857092e+03,1.413683571428571440e+03,1.397299821428571477e+03,1.397299821428571477e+03,1.397299821428571477e+03,1.331764821428571395e+03,1.437088928571428596e+03,1.306018928571428660e+03,1.298997321428571468e+03
1.432407857142857210e+03,1.366872857142857129e+03,1.416024107142857247e+03,1.362191785714285743e+03,1.376234999999999900e+03,1.416024107142857247e+03,1.385597142857142899e+03,1.441769999999999982e+03,1.406661964285714248e+03,1.357510714285714357e+03,1.341126964285714394e+03,1.343467499999999973e+03,1.364532321428571322e+03,1.425386250000000018e+03
1.392618750000000091e+03,1.416024107142857247e+03,1.348148571428571358e+03,1.336445892857142780e+03,1.289635178571428469e+03,1.359851249999999936e+03,1.313040535714285625e+03,1.399640357142857056e+03,1.329424285714285816e+03,1.315381071428571431e+03,1.404321428571428669e+03,1.345808035714285779e+03,1.378575535714285706e+03,1.404321428571428669e+03
1.409002500000000055e+03,1.390278214285714284e+03,1.352829642857142744e+03,1.387937678571428478e+03,1.364532321428571322e+03,1.394959285714285670e+03,1.359851249999999936e+03,1.336445892857142780e+03,1.268570357142857119e+03,1.296656785714285661e+03,1.406661964285714248e+03,1.453472678571428560e+03,1.369213392857142935e+03,1.341126964285714394e+03
1.359851249999999936e+03,1.418364642857142826e+03,1.364532321428571322e+03,1.430067321428571404e+03,1.373894464285714321e+03,1.329424285714285816e+03,1.348148571428571358e+03,1.406661964285714248e+03,1.378575535714285706e+03,1.338786428571428587e+03,1.397299821428571477e+03,1.345808035714285779e+03,1.399640357142857056e+03,1.397299821428571477e+03
